"show_id","listed_in"
"s11","Dramas, Thrillers"
"s18","Dramas, Thrillers"
"s169","Dramas, Thrillers"
"s207","Dramas, Thrillers"
"s213","Dramas, Thrillers"
"s221","Stand-Up Comedy"
"s262","Horror Movies"
"s306","Stand-Up Comedy"
"s308","Stand-Up Comedy"
"s311","Stand-Up Comedy"
"s313","Stand-Up Comedy"
"s321","Stand-Up Comedy"
"s345","Stand-Up Comedy"
"s371","Stand-Up Comedy"
"s376","Stand-Up Comedy"
"s379","Stand-Up Comedy"
"s387","Stand-Up Comedy"
"s388","Stand-Up Comedy"
"s418","Horror Movies"
"s478","Stand-Up Comedy"
"s483","Stand-Up Comedy"
"s484","Stand-Up Comedy"
"s494","Dramas, Thrillers"
"s497","Dramas, Thrillers"
"s536","Stand-Up Comedy"
"s551","Stand-Up Comedy"
"s552","Stand-Up Comedy"
"s569","Stand-Up Comedy"
"s578","Stand-Up Comedy"
"s586","Stand-Up Comedy"
"s649","Stand-Up Comedy"
"s650","Stand-Up Comedy"
"s651","Stand-Up Comedy"
"s685","Dramas, Thrillers"
"s847","Stand-Up Comedy"
"s848","Stand-Up Comedy"
"s849","Stand-Up Comedy"
"s853","Stand-Up Comedy"
"s915","Stand-Up Comedy"
"s916","Stand-Up Comedy"
"s917","Stand-Up Comedy"
"s918","Stand-Up Comedy"
"s919","Stand-Up Comedy"
"s920","Stand-Up Comedy"
"s922","Stand-Up Comedy"
"s923","Stand-Up Comedy"
"s924","Stand-Up Comedy"
"s1010","Stand-Up Comedy"
"s1072","Stand-Up Comedy"
"s1097","Stand-Up Comedy"
"s1102","Stand-Up Comedy"
"s1112","Dramas, Thrillers"
"s1220","Stand-Up Comedy"
"s1221","Stand-Up Comedy"
"s1252","Stand-Up Comedy"
"s1310","Stand-Up Comedy"
"s1311","Stand-Up Comedy"
"s1341","Stand-Up Comedy"
"s1353","Stand-Up Comedy"
"s1354","Stand-Up Comedy"
"s1355","Stand-Up Comedy"
"s1356","Stand-Up Comedy"
"s1357","Stand-Up Comedy"
"s1358","Stand-Up Comedy"
"s1361","Stand-Up Comedy"
"s1424","Dramas, Thrillers"
"s1444","Stand-Up Comedy"
"s1459","Stand-Up Comedy"
"s1460","Stand-Up Comedy"
"s1461","Stand-Up Comedy"
"s1469","Dramas, Thrillers"
"s1479","Dramas, Thrillers"
"s1507","Dramas, Thrillers"
"s1517","Stand-Up Comedy"
"s1544","Stand-Up Comedy"
"s1552","Horror Movies"
"s1558","Dramas, Thrillers"
"s1564","Stand-Up Comedy"
"s1565","Stand-Up Comedy"
"s1586","Stand-Up Comedy"
"s1602","Stand-Up Comedy"
"s1603","Stand-Up Comedy"
"s1607","Stand-Up Comedy"
"s1613","Dramas, Thrillers"
"s1632","Stand-Up Comedy"
"s1633","Stand-Up Comedy"
"s1635","Stand-Up Comedy"
"s1637","Stand-Up Comedy"
"s1655","Horror Movies"
"s1657","Dramas, Thrillers"
"s1672","Horror Movies"
"s1674","Horror Movies"
"s1685","Stand-Up Comedy"
"s1697","Stand-Up Comedy"
"s1698","Stand-Up Comedy"
"s1703","Stand-Up Comedy"
"s1705","Stand-Up Comedy"
"s1706","Stand-Up Comedy"
"s1715","Dramas, Thrillers"
"s1754","Stand-Up Comedy"
"s1796","Dramas, Thrillers"
"s1812","Horror Movies"
"s1823","Stand-Up Comedy"
"s1824","Dramas, Thrillers"
"s1841","Stand-Up Comedy"
"s1919","Stand-Up Comedy"
"s1920","Stand-Up Comedy"
"s1926","Stand-Up Comedy"
"s1927","Stand-Up Comedy"
"s1946","Dramas, Thrillers"
"s1957","Stand-Up Comedy"
"s1977","Horror Movies"
"s2008","Stand-Up Comedy"
"s2022","Stand-Up Comedy"
"s2087","Stand-Up Comedy"
"s2090","Stand-Up Comedy"
"s2094","Stand-Up Comedy"
"s2105","Horror Movies"
"s2119","Stand-Up Comedy"
"s2123","Stand-Up Comedy"
"s2144","Stand-Up Comedy"
"s2145","Stand-Up Comedy"
"s2146","Stand-Up Comedy"
"s2149","Stand-Up Comedy"
"s2166","Horror Movies"
"s2248","Stand-Up Comedy"
"s2253","Dramas, Thrillers"
"s2257","Stand-Up Comedy"
"s2258","Stand-Up Comedy"
"s2259","Stand-Up Comedy"
"s2260","Dramas, Thrillers"
"s2287","Horror Movies"
"s2320","Dramas, Thrillers"
"s2329","Stand-Up Comedy"
"s2331","Stand-Up Comedy"
"s2333","Stand-Up Comedy"
"s2334","Stand-Up Comedy"
"s2378","Stand-Up Comedy"
"s2395","Horror Movies"
"s2406","Horror Movies"
"s2416","Stand-Up Comedy"
"s2417","Stand-Up Comedy"
"s2423","Horror Movies"
"s2537","Stand-Up Comedy"
"s2538","Stand-Up Comedy"
"s2541","Stand-Up Comedy"
"s2599","Stand-Up Comedy"
"s2600","Stand-Up Comedy"
"s2602","Stand-Up Comedy"
"s2603","Stand-Up Comedy"
"s2627","Stand-Up Comedy"
"s2629","Stand-Up Comedy"
"s2642","Stand-Up Comedy"
"s2665","Stand-Up Comedy"
"s2705","Horror Movies"
"s2788","Dramas, Thrillers"
"s2834","Horror Movies"
"s2923","Stand-Up Comedy"
"s2945","Stand-Up Comedy"
"s2946","Stand-Up Comedy"
"s2947","Stand-Up Comedy"
"s2948","Stand-Up Comedy"
"s2949","Stand-Up Comedy"
"s2995","Dramas, Thrillers"
"s3100","Stand-Up Comedy"
"s3101","Stand-Up Comedy"
"s3102","Stand-Up Comedy"
"s3104","Dramas, Thrillers"
"s3122","Stand-Up Comedy"
"s3124","Stand-Up Comedy"
"s3134","Stand-Up Comedy"
"s3135","Stand-Up Comedy"
"s3136","Stand-Up Comedy"
"s3137","Stand-Up Comedy"
"s3138","Stand-Up Comedy"
"s3139","Stand-Up Comedy"
"s3140","Stand-Up Comedy"
"s3141","Stand-Up Comedy"
"s3142","Stand-Up Comedy"
"s3143","Stand-Up Comedy"
"s3146","Stand-Up Comedy"
"s3147","Stand-Up Comedy"
"s3154","Stand-Up Comedy"
"s3155","Stand-Up Comedy"
"s3157","Stand-Up Comedy"
"s3167","Stand-Up Comedy"
"s3168","Stand-Up Comedy"
"s3169","Stand-Up Comedy"
"s3170","Stand-Up Comedy"
"s3171","Stand-Up Comedy"
"s3172","Stand-Up Comedy"
"s3173","Stand-Up Comedy"
"s3174","Stand-Up Comedy"
"s3175","Stand-Up Comedy"
"s3176","Stand-Up Comedy"
"s3178","Stand-Up Comedy"
"s3179","Stand-Up Comedy"
"s3189","Stand-Up Comedy"
"s3190","Stand-Up Comedy"
"s3191","Stand-Up Comedy"
"s3194","Stand-Up Comedy"
"s3195","Stand-Up Comedy"
"s3198","Stand-Up Comedy"
"s3199","Stand-Up Comedy"
"s3200","Stand-Up Comedy"
"s3205","Dramas, Thrillers"
"s3206","Stand-Up Comedy"
"s3209","Stand-Up Comedy"
"s3210","Stand-Up Comedy"
"s3211","Stand-Up Comedy"
"s3231","Stand-Up Comedy"
"s3232","Stand-Up Comedy"
"s3309","Stand-Up Comedy"
"s3314","Stand-Up Comedy"
"s3319","Stand-Up Comedy"
"s3320","Stand-Up Comedy"
"s3321","Stand-Up Comedy"
"s3322","Stand-Up Comedy"
"s3323","Stand-Up Comedy"
"s3324","Stand-Up Comedy"
"s3325","Stand-Up Comedy"
"s3326","Stand-Up Comedy"
"s3328","Stand-Up Comedy"
"s3338","Stand-Up Comedy"
"s3340","Stand-Up Comedy"
"s3342","Stand-Up Comedy"
"s3343","Stand-Up Comedy"
"s3344","Stand-Up Comedy"
"s3345","Stand-Up Comedy"
"s3346","Stand-Up Comedy"
"s3347","Stand-Up Comedy"
"s3348","Stand-Up Comedy"
"s3350","Stand-Up Comedy"
"s3351","Stand-Up Comedy"
"s3384","Dramas, Thrillers"
"s3457","Horror Movies"
"s3533","Stand-Up Comedy"
"s3548","Stand-Up Comedy"
"s3605","Stand-Up Comedy"
"s3642","Dramas, Thrillers"
"s3653","Stand-Up Comedy"
"s3711","Stand-Up Comedy"
"s3777","Dramas, Thrillers"
"s3800","Stand-Up Comedy"
"s3806","Stand-Up Comedy"
"s3829","Stand-Up Comedy"
"s3886","Stand-Up Comedy"
"s3891","Horror Movies"
"s3929","Stand-Up Comedy"
"s3930","Stand-Up Comedy"
"s3931","Stand-Up Comedy"
"s3935","Stand-Up Comedy"
"s3939","Stand-Up Comedy"
"s3940","Stand-Up Comedy"
"s3943","Stand-Up Comedy"
"s3946","Stand-Up Comedy"
"s3955","Stand-Up Comedy"
"s3957","Stand-Up Comedy"
"s3992","Stand-Up Comedy"
"s3994","Stand-Up Comedy"
"s4003","Stand-Up Comedy"
"s4006","Stand-Up Comedy"
"s4042","Dramas, Thrillers"
"s4043","Horror Movies"
"s4069","Stand-Up Comedy"
"s4071","Stand-Up Comedy"
"s4072","Stand-Up Comedy"
"s4073","Stand-Up Comedy"
"s4091","Stand-Up Comedy"
"s4092","Stand-Up Comedy"
"s4093","Stand-Up Comedy"
"s4094","Stand-Up Comedy"
"s4095","Stand-Up Comedy"
"s4096","Stand-Up Comedy"
"s4125","Stand-Up Comedy"
"s4155","Stand-Up Comedy"
"s4156","Stand-Up Comedy"
"s4232","Stand-Up Comedy"
"s4375","Dramas, Thrillers"
"s4393","Horror Movies"
"s4416","Stand-Up Comedy"
"s4417","Stand-Up Comedy"
"s4420","Stand-Up Comedy"
"s4441","Stand-Up Comedy"
"s4475","Stand-Up Comedy"
"s4504","Dramas, Thrillers"
"s4507","Stand-Up Comedy"
"s4542","Dramas, Thrillers"
"s4592","Stand-Up Comedy"
"s4779","Stand-Up Comedy"
"s4797","Stand-Up Comedy"
"s4799","Stand-Up Comedy"
"s4835","Stand-Up Comedy"
"s4903","Horror Movies"
"s4970","Dramas, Thrillers"
"s4990","Horror Movies"
"s5062","Stand-Up Comedy"
"s5063","Stand-Up Comedy"
"s5086","Stand-Up Comedy"
"s5087","Stand-Up Comedy"
"s5108","Stand-Up Comedy"
"s5126","Dramas, Thrillers"
"s5134","Horror Movies"
"s5193","Stand-Up Comedy"
"s5196","Stand-Up Comedy"
"s5197","Stand-Up Comedy"
"s5198","Stand-Up Comedy"
"s5199","Stand-Up Comedy"
"s5201","Stand-Up Comedy"
"s5203","Stand-Up Comedy"
"s5208","Dramas, Thrillers"
"s5234","Stand-Up Comedy"
"s5251","Stand-Up Comedy"
"s5271","Stand-Up Comedy"
"s5273","Stand-Up Comedy"
"s5283","Stand-Up Comedy"
"s5310","Stand-Up Comedy"
"s5311","Stand-Up Comedy"
"s5314","Stand-Up Comedy"
"s5315","Stand-Up Comedy"
"s5320","Stand-Up Comedy"
"s5357","Stand-Up Comedy"
"s5358","Stand-Up Comedy"
"s5359","Stand-Up Comedy"
"s5360","Stand-Up Comedy"
"s5390","Stand-Up Comedy"
"s5415","Stand-Up Comedy"
"s5443","Horror Movies"
"s5444","Horror Movies"
"s5453","Stand-Up Comedy"
"s5454","Stand-Up Comedy"
"s5455","Stand-Up Comedy"
"s5456","Stand-Up Comedy"
"s5461","Dramas, Thrillers"
"s5497","Dramas, Thrillers"
"s5507","Stand-Up Comedy"
"s5508","Stand-Up Comedy"
"s5515","Horror Movies"
"s5544","Horror Movies"
"s5545","Dramas, Thrillers"
"s5584","Dramas, Thrillers"
"s5607","Horror Movies"
"s5614","Stand-Up Comedy"
"s5616","Stand-Up Comedy"
"s5634","Horror Movies"
"s5637","Horror Movies"
"s5673","Dramas, Thrillers"
"s5684","Dramas, Thrillers"
"s5691","Stand-Up Comedy"
"s5692","Stand-Up Comedy"
"s5714","Stand-Up Comedy"
"s5715","Stand-Up Comedy"
"s5766","Horror Movies"
"s5813","Horror Movies"
"s5816","Stand-Up Comedy"
"s5832","Dramas, Thrillers"
"s5998","Stand-Up Comedy"
"s6025","Dramas, Thrillers"
"s6063","Dramas, Thrillers"
"s6082","Horror Movies"
"s6126","Stand-Up Comedy"
"s6139","Horror Movies"
"s6172","Dramas, Thrillers"
"s6198","Dramas, Thrillers"
"s6289","Dramas, Thrillers"
"s6292","Dramas, Thrillers"
"s6351","Horror Movies"
"s6371","Horror Movies"
"s6378","Dramas, Thrillers"
"s6397","Dramas, Thrillers"
"s6438","Horror Movies"
"s6449","Horror Movies"
"s6526","Dramas, Thrillers"
"s6572","Dramas, Thrillers"
"s6727","Stand-Up Comedy"
"s6746","Dramas, Thrillers"
"s6801","Dramas, Thrillers"
"s6809","Dramas, Thrillers"
"s6852","Dramas, Thrillers"
"s6914","Horror Movies"
"s6921","Dramas, Thrillers"
"s7037","Stand-Up Comedy"
"s7045","Stand-Up Comedy"
"s7069","Horror Movies"
"s7072","Dramas, Thrillers"
"s7079","Stand-Up Comedy"
"s7080","Stand-Up Comedy"
"s7082","Stand-Up Comedy"
"s7090","Stand-Up Comedy"
"s7091","Stand-Up Comedy"
"s7124","Stand-Up Comedy"
"s7125","Stand-Up Comedy"
"s7126","Stand-Up Comedy"
"s7127","Stand-Up Comedy"
"s7136","Stand-Up Comedy"
"s7137","Stand-Up Comedy"
"s7138","Stand-Up Comedy"
"s7139","Stand-Up Comedy"
"s7140","Stand-Up Comedy"
"s7141","Stand-Up Comedy"
"s7142","Stand-Up Comedy"
"s7168","Stand-Up Comedy"
"s7184","Dramas, Thrillers"
"s7216","Stand-Up Comedy"
"s7217","Stand-Up Comedy"
"s7228","Dramas, Thrillers"
"s7259","Horror Movies"
"s7265","Stand-Up Comedy"
"s7276","Horror Movies"
"s7329","Dramas, Thrillers"
"s7375","Stand-Up Comedy"
"s7402","Dramas, Thrillers"
"s7415","Dramas, Thrillers"
"s7423","Dramas, Thrillers"
"s7427","Stand-Up Comedy"
"s7428","Stand-Up Comedy"
"s7429","Stand-Up Comedy"
"s7430","Stand-Up Comedy"
"s7449","Stand-Up Comedy"
"s7472","Stand-Up Comedy"
"s7507","Dramas, Thrillers"
"s7562","Dramas, Thrillers"
"s7591","Stand-Up Comedy"
"s7604","Stand-Up Comedy"
"s7605","Stand-Up Comedy"
"s7657","Stand-Up Comedy"
"s7681","Stand-Up Comedy"
"s7688","Horror Movies"
"s7719","Stand-Up Comedy"
"s7720","Stand-Up Comedy"
"s7730","Dramas, Thrillers"
"s7745","Stand-Up Comedy"
"s7758","Stand-Up Comedy"
